id,lat,long,diam,type
10-0-001457,60859.16533010639,4074201.854781642,3.15716853,
10-0-001460,61455.53186150506,4107708.9434781424,5.18716307,1
10-0-001463,22005.26850100922,4130095.280729862,4.96778096,1
10-0-001465,2705.004721833172,4156701.8185753226,5.16678068,1
10-0-001467,52620.51503419378,4153154.0932935053,6.32800997,1
10-0-001468,2628.7280847555294,4198587.509153493,5.99850924,1
10-0-001474,50141.31459738732,4193705.632493517,6.52950443,1
10-0-001477,57714.407144298675,4212345.818696344,7.81008934,2
10-0-001479,59753.38865897247,4263879.5441129925,3.7209635,1
10-0-001486,13982.121835292972,4294895.907111846,3.53258261,1
10-0-001494,1766.2978937723103,4443674.715093918,4.49492503,
10-0-001495,34152.8694822138,4442146.163660911,3.48607814,1
10-0-001497,22331.11849175308,4426309.076968114,10.42050476,2
10-0-001506,73488.97930352084,4392113.861758717,3.15671444,1
10-0-001514,76540.45417405786,4284918.487574521,15.80661919,2
10-0-001515,67003.29018858084,4269775.859949011,12.09177498,2
10-0-001517,102816.73964692143,4216748.061854628,7.00279107,1
10-0-001521,66312.69946800315,4133874.471424886,12.2308526,2
10-0-001524,119697.9495719065,4160398.319766159,5.59042032,1
10-0-001525,123925.96699396962,4166075.4998217286,3.82487273,1
10-0-001528,97360.80827800404,4080658.378227937,3.06863499,
10-0-001529,104126.90431192717,4070744.05426154,3.16273132,1
10-0-001531,107098.26199695749,4056019.8642145684,6.2583403,
10-0-002123,174523.13174000595,4034503.853109448,4.60740886,1
10-0-002124,174119.84339310904,4050996.402449565,3.76866997,1
10-0-002126,145401.94768987835,4055718.185330244,3.68600499,1
10-0-002127,169656.07713364827,4065006.612399788,15.85704046,2
10-0-002132,197868.6672403055,4117358.666958278,3.38794185,1
10-0-002134,189302.30541737349,4212680.5716042025,3.60269447,1
10-0-002138,146644.28989129214,4271709.395542409,6.06175687,1
10-0-002140,184321.77610695816,4275868.327901914,7.27463718,1
10-0-002143,188494.9968405622,4324705.37735197,3.04724966,1
10-0-002144,150142.34587404103,4344220.163167995,3.84367525,1
10-0-002147,163785.47185963858,4415334.177575107,7.18597112,
10-0-002156,218421.59076806935,4336989.032707062,3.92911822,1
10-0-002160,233963.44771773662,4201549.2734098155,42.938825,2
10-0-002162,255921.36235619162,4139885.531320866,3.52672212,1
10-0-002164,260501.92459156667,4170877.5041462737,16.81622983,2
10-0-002170,213662.89473794127,4057710.4280414884,5.09469587,1
10-0-002172,241423.57381268582,4025666.7900562366,3.2981541,1
10-0-002617,316844.2823549846,4024656.7926775157,3.28794431,1
10-0-002619,290003.58580474637,4065005.578114184,8.58761123,2
10-0-002623,331036.0183789328,4128985.2219977784,3.00497818,
10-0-002626,273662.6540214861,4210216.609306111,3.59072503,1
10-0-002631,278031.1332373566,4270061.248686872,3.75222691,1
10-0-002642,279192.195704389,4440490.182906894,3.17126608,
10-0-002645,368567.6999599295,4445286.675585683,3.78106692,1
10-0-002647,336684.42834305775,4339638.974967563,3.30064192,1
10-0-002648,376484.87704171485,4359506.791800041,18.00246568,2
10-0-002649,377103.0116991884,4390511.936504536,8.83030979,2
10-0-002651,362621.12436334114,4282705.6124804495,3.62393467,1
10-0-002654,374586.5727723198,4258479.067759767,6.58205542,1
10-0-002662,371579.51362268976,4158688.3107771436,3.6862916,1
10-0-002664,349504.8235162184,4180407.631611166,21.53475512,2
10-0-002666,389236.502476066,4125284.0460730917,5.85068373,1
10-0-002668,390925.8086235441,4095433.602712434,3.03015901,
10-0-002675,328946.3753029945,4011932.9868587377,15.67164666,2
10-0-003161,418065.96250746056,4018780.4026944954,3.36843803,3
10-0-003170,454902.31912556186,4085375.996108645,3.48966429,1
10-0-003171,426945.7297611695,4082528.6629593903,3.04586506,
10-0-003172,398783.2192893543,4118610.6041887254,3.76854205,1
10-0-003173,406806.089098448,4200581.40909256,4.00866076,1
10-0-003174,430036.034380545,4172188.3784675286,5.76228309,1
10-0-003175,440782.9523914154,4171516.396293498,10.77691393,2
10-0-003179,407802.9232517029,4235224.73846845,3.27342887,1
10-0-003180,448854.8793447506,4226109.842000364,18.83193559,2
10-0-003183,436742.97295266547,4323290.725361739,3.95332874,1
10-0-003184,420803.29395925085,4328290.894066567,3.75652591,1
10-0-003187,429777.68103860965,4371233.614457311,3.36953743,1
10-0-003189,395666.53760128637,4429079.514983427,8.21526788,2
10-0-003190,411232.8214133838,4428888.392635968,6.34175731,1
10-0-003195,468588.9976036676,4376806.38204741,3.5257589,1
10-0-003196,475125.33257295605,4342458.301796393,3.05638579,
10-0-003198,478798.8942574068,4309732.028791732,8.66003817,2
10-0-003200,459960.85668646236,4251394.767328402,4.06620566,1
10-0-003201,499197.6250053346,4268094.368199728,3.31184238,1
10-0-003208,478028.6874908522,4144799.437049921,7.89697132,2
10-0-003210,504766.45407141175,4052941.3756414307,3.16186346,1
10-0-003681,562403.455281003,4017424.312607227,7.96300987,
10-0-003682,549365.5151119991,4037608.3730805805,3.69289673,1
10-0-003683,577386.1067216381,4052492.5798540534,3.14723156,1
10-0-003684,568007.4121832508,4067482.644721988,11.73869709,2
10-0-003691,551746.0247868672,4268145.280538207,3.35415334,1
10-0-003693,564407.5655453163,4314705.755940603,4.43429726,1
10-0-003694,576663.8753966144,4303368.718483391,13.11217334,2
10-0-003697,528813.7255643043,4405677.995292542,23.77116656,2
10-0-003703,587922.5356389924,4237423.845413337,4.19084804,1
10-0-003704,592997.9941716687,4188543.9060062724,15.66184015,2
10-0-003707,586537.2664284763,4094055.496270546,3.3367036,1
10-0-003710,619569.9939904751,4120222.0330162,12.62784646,2
10-0-004175,656866.3382552752,4008530.689838317,13.37054188,2
10-0-004179,679341.2038349637,4081683.0749092456,11.74678588,2
10-0-004184,699359.6571051233,4117624.346776396,10.80840622,2
10-0-004187,746219.1317326911,4056630.782640628,3.08575187,
10-0-004188,753358.2949401068,4034864.3458001055,12.53655634,2
10-0-004189,766581.5937296278,4110487.0227599456,12.02758158,2
10-0-004190,717331.82401848,4013735.3951896406,6.8969437,
10-0-004734,808191.2776368979,4087993.6159067275,11.41497932,2
10-0-004736,823633.8883925116,4116941.975514633,11.02010656,2
10-0-004743,865003.4882350061,4051740.813658951,4.87160462,1
10-0-004745,848110.2868797649,4021054.6675291373,4.49167478,1
10-0-005318,947553.5179718395,4016074.2219691845,6.74167783,2
10-0-005319,905308.88998406,4073277.260350949,4.9818759,
10-0-005320,898158.6993361352,4080506.5036110994,4.04587549,
10-0-005321,892798.7657932139,4079663.39666098,7.76193475,
10-0-005322,930372.3495736464,4133060.2527533467,6.115503,1
10-0-005324,909672.2724538441,4107455.1890619616,3.5720177,
10-0-005325,907127.7141167555,4107705.1957486966,5.25064812,1
10-0-005326,931071.773211837,4102272.1094668545,4.55534378,
10-0-005327,900516.8118377576,4080299.126087292,47.13699684,2
10-0-005328,966670.7813016786,4120386.5235465686,3.0274283,1
10-0-005329,982821.8285017383,4142570.2540279697,4.4315127,1
10-0-005331,973748.5678082294,4070626.7099660756,6.12477042,2
10-0-006011,1020263.746835534,4011340.6784610087,3.93758183,1
10-0-006018,1127872.119856312,4055972.1211168524,4.13085333,1
10-0-006021,1084695.7854647855,4036074.0343898935,3.34761771,1
10-0-006026,1123019.306918205,4027657.070292043,10.21141605,2
10-0-006786,1178815.0085836316,4021934.1232466134,3.56580358,1
10-0-006791,1138527.0035777315,4060762.2966518113,5.90225417,1
10-0-006793,1142576.5191890346,4140638.168212562,8.16877539,2
10-0-006794,1154295.2518954584,4117095.2003335403,3.17972202,
10-0-006796,1160196.5560109352,4067310.6599181555,5.38029843,
10-0-006797,1196918.8095297932,4051274.4379798495,9.39362568,2
10-0-006798,1195933.4595623123,4114635.6970214713,50.15005321,2
10-0-006799,1244217.4732392416,4141616.118148075,7.26762409,
10-0-006800,1236022.2599751865,4138158.165300522,9.27693346,2
10-0-006802,1211935.4013044725,4076717.6404193453,34.63917773,2
10-0-006803,1235936.1214693151,4044062.3484501904,12.91561384,2
10-0-006804,1194216.8192911465,4038294.8305113767,4.10494059,1
10-0-006805,1250157.4489675115,4095862.2106673075,47.69154009,2
10-0-006806,1262100.9126727877,4041405.5769411256,18.84813869,2
10-0-006807,1269200.4808192882,4036138.433338497,13.58455255,2
10-0-006808,1265915.3022703687,4067511.000743563,13.75952448,2
10-0-006811,1209885.4964298354,4022965.992950497,5.44290067,
10-0-006812,1210178.7807084124,4005134.743153699,15.60096838,2
10-0-007543,1291806.5667175394,4018948.2687300346,3.80831087,1
10-0-007545,1265033.9196402838,4006989.6279948386,4.22211161,1
10-0-007546,1310569.237822739,4011656.0057663275,5.38653205,1
10-0-007547,1263419.9439215506,4021671.7484007212,17.05005574,2
10-0-007549,1274069.2347954218,4088762.682232633,3.96179254,1
10-0-007550,1313856.0226260943,4141921.4843050363,3.17768074,1
10-0-007551,1288532.5987576973,4082197.641184991,44.99325845,2
10-0-007552,1328164.0232580225,4141354.1635362776,5.23884363,1
10-0-007553,1361821.5539820732,4131472.528922148,4.99689334,1
10-0-007554,1361392.19861508,4100563.944410515,5.20672057,
10-0-007555,1340261.4757903113,4111584.195300998,27.9210262,2
10-0-007557,1341936.3190687431,4141927.05937117,9.03457914,2
10-0-007558,1347721.0749034088,4138696.9148925925,8.94557578,2
10-0-007559,1364920.6263205418,4137515.83126418,3.84325764,
10-0-007560,1353577.3351398783,4042929.8021560055,5.54463612,
10-0-007561,1378290.0160255043,4030820.2795996084,3.53356883,
10-0-007563,1327381.1751505148,4019597.861732457,16.07349616,2
10-0-007565,1347045.3610032047,4025695.7370134844,3.10808093,
10-0-007566,1384610.1506887795,4125150.3031645366,34.61725138,2
10-0-007567,1381270.0086024625,4073412.518828727,10.16422765,2
10-0-007568,1324949.65326489,4008729.359803483,17.83118052,2
10-0-007571,1384797.496263815,4025467.6068009078,8.23533781,2
10-0-007572,1361533.9277495646,4010152.9777755775,65.13823987,2
10-0-008274,1425117.363786213,4001715.1590421814,10.10081408,2
10-0-008276,1413570.8008103322,4037344.8951942814,4.61403788,1
10-0-008278,1413729.7968836455,4100958.6829199158,3.66053314,1
10-0-008279,1421965.155839749,4114940.7751195184,3.40573031,1
10-0-008281,1425592.8305097923,4136950.3751730802,3.12901283,
10-0-008282,1442533.4525264346,4143395.670841598,3.38415011,
10-0-008283,1393908.4328109096,4080935.6574553954,27.13550087,2
10-0-008286,1493607.9622468553,4116168.201262904,3.61033018,1
10-0-009045,1564818.3673306783,4044598.5037338967,25.76351517,2
10-0-009048,1564026.9551012723,4143221.295622953,18.60642731,2
10-0-009049,1531834.0071718555,4147693.134051846,5.59511096,1
10-0-009050,1526834.377836599,4129592.6131839324,8.66155681,2
10-0-009052,1579626.3908194988,4140380.784016983,15.15105568,2
10-0-009053,1585846.903923062,4033186.9846733925,13.57282864,2
10-0-009054,1584336.9079887148,4016898.466987601,7.80088714,2
10-0-009055,1601681.1621855376,4067866.1999071473,54.41978886,2
10-0-009056,1612015.4612301083,4093552.9994261935,37.08264013,2
10-0-009057,1604997.3989383094,4110627.3904307983,36.25992339,2
10-0-009058,1605657.4604521138,4057760.51710048,4.52505993,
10-0-009061,1619107.8913241473,4024105.506002852,33.35801155,2
10-0-009842,1660799.549330032,4016043.5490293102,10.10056686,2
10-0-009843,1675992.7218114578,4014041.7002052832,3.51111529,1
10-0-009844,1657875.787512606,4024087.310874191,6.35470525,
10-0-009846,1668394.1502758248,4062156.5918861013,68.29913027,2
10-0-009847,1685052.4698154356,4084376.7375188055,22.28618347,2
10-0-009848,1688975.6710004143,4101516.4633671255,34.81723791,2
10-0-009850,1647172.6070987682,4125480.429941077,7.8151682,2
10-0-009851,1689831.4252778965,4107551.6081889365,13.62972458,2
10-0-009853,1713380.7802409774,4023362.799438396,3.39246287,1
10-0-009854,1737490.0476428564,4100176.752333393,3.45437919,1
10-0-009856,1714917.6261110974,4107516.4027665276,18.52859632,2
10-0-009857,1724747.1297671464,4049012.5756817656,3.57946488,1
10-0-009858,1736593.4055956306,4063029.1780504724,58.30331953,2
10-0-009859,1761005.7423884415,4061744.7020170647,8.88037543,2
10-0-009860,1717933.8714357736,4124024.227527059,5.04301587,
10-0-009861,1744756.5441516426,4119091.5410680943,9.80436698,2
10-0-009862,1712227.1878646857,4001849.871037822,4.982517,
10-0-009865,1757128.490749178,4012302.8503547944,9.22381508,2
10-0-010600,1772291.2925747752,4013537.726910821,3.88710384,1
10-0-010601,1768605.6623480013,4104061.26353145,6.26492956,
10-0-012102,1764368.7495955608,4078476.6419467963,11.11956205,2
10-0-012137,1562691.823374466,4104230.4394645183,10.76063829,2
10-0-012176,1340480.279651024,4134988.1723833564,4.82905222,
10-0-012177,1172115.6911850024,4131852.7637245213,10.08998423,2
10-0-012179,1113615.955010985,4001656.582321374,10.6041514,2
10-1-004893,1762364.3870722482,4070129.1699873502,11.60496273,2
10-1-004898,1742117.1142633476,4176972.646423904,93.78697656,2
10-1-004906,1771516.2185016517,4331133.611753352,5.96578535,1
10-1-004907,1754613.8342312907,4346280.340365742,4.49813295,1
10-1-004920,1764713.984647219,4553923.087600966,17.32072694,2
10-1-004924,1773907.4097685185,4724083.806965888,4.15534317,1
10-1-004925,1757518.8508816354,4736546.518793325,6.246282,1
10-1-004938,1764687.538349553,4817280.700413522,3.81190155,1
10-1-004939,1763801.5521112753,4801146.7411527205,17.22914117,2
10-1-004942,1760980.8478155409,4853486.787922052,7.53974517,2
10-1-004990,1760217.4460555557,5171410.757642034,32.88481232,2
10-1-005028,1742861.9202201327,5276766.206489042,11.52998364,2
10-1-005044,1701354.5221211682,5200126.495452083,3.15657216,1
10-1-005047,1744609.0953288532,5170214.121795857,14.87517144,2
10-1-005049,1744519.7816550804,5116303.30458855,8.02718048,2
10-1-005050,1686960.633108598,5101689.085477196,3.36435538,1
10-1-005055,1709552.153064871,5050246.348150846,3.29700709,1
10-1-005056,1682768.5046265142,5049761.413416802,3.37194577,1
10-1-005057,1687041.5681798968,5045215.25401006,7.32050826,
10-1-005058,1697882.632200994,5035072.850804474,12.05742303,2
10-1-005061,1702034.1538596824,5024467.632944383,19.82402217,2
10-1-005063,1719846.9329158948,4985500.16408762,9.15303455,2
10-1-005068,1694892.8562898226,4945094.949332292,3.41732161,1
10-1-005070,1679188.045538892,4903377.255779414,4.50965566,1
10-1-005081,1689533.5676195307,4943449.215414692,48.76081454,2
10-1-005088,1697949.6948054766,4759640.6624347055,12.18037217,2
10-1-005090,1739150.5810316773,4749532.767027371,4.902074,1
10-1-005091,1697856.0898836905,4709797.643096292,3.08601205,1
10-1-005092,1713428.7207123933,4699883.244447955,3.93502883,1
10-1-005094,1718712.90720803,4616089.589106486,4.61936724,1
10-1-005095,1677669.0332420068,4573126.803574997,5.38751492,3
10-1-005096,1728891.1672285057,4606133.466369213,5.14596503,1
10-1-005099,1682989.8838287485,4475540.706672985,7.10921563,1
10-1-005101,1731168.3191721356,4370666.3055428285,6.5584785,3
10-1-005102,1733347.9643589414,4373878.777073615,11.94153984,2
10-1-005103,1684321.7005071929,4443430.867889136,83.63300328,2
10-1-005104,1671815.0016094777,4376630.391090909,4.48887057,1
10-1-005106,1734686.8811561638,4301970.689744787,3.29467899,1
10-1-005107,1693315.3727751886,4270751.641737392,5.68739621,3
10-1-005108,1716353.2234220866,4282169.212998652,89.78096876,2
10-1-005109,1734675.3279785016,4171517.9835810913,3.31369489,1
10-1-005110,1722152.9067541573,4163616.2027740674,4.49905453,1
10-1-005111,1672250.496306156,4210314.6904026205,23.16212081,2
10-1-005112,1669846.379136434,4223498.985659612,40.59098403,2
10-1-005113,1653778.6295649356,4203184.045085425,8.80476165,2
10-1-005397,1605136.9551839516,4191280.434271573,5.85378688,1
10-1-005398,1605634.0630743068,4199970.721232175,3.24037908,1
10-1-005399,1610622.7603959786,4238712.7845817655,16.37429817,2
10-1-005401,1636155.2658403974,4230651.931241345,3.30210026,1
10-1-005402,1606654.728116252,4229233.5161111085,24.6343599,2
10-1-005403,1619184.811944784,4236150.44364483,33.59896844,2
10-1-005409,1646356.840258746,4233947.681433851,30.76368379,2
10-1-005410,1628565.980944802,4199664.258554657,23.5275763,2
10-1-005411,1635312.4001248002,4210457.3803261975,11.81335863,2
10-1-005412,1612218.13379166,4281093.844620674,15.13825139,2
10-1-005415,1600305.4580127369,4302747.896994928,5.85177915,2
10-1-005419,1638231.865952502,4398836.939276007,3.74626547,1
10-1-005423,1642068.416526874,4377185.049121746,15.84939595,2
10-1-005424,1653073.8839494095,4346170.518794006,72.24034248,2
10-1-005425,1622481.8080217263,4462294.123121282,4.87707891,1
10-1-005426,1671154.301150182,4468255.128928386,7.701478,2
10-1-005428,1631741.2934684488,4424087.122091125,7.04868308,2
10-1-005429,1585903.2348512285,4411577.635660343,68.74301514,2
10-1-005430,1600588.8054442224,4433719.707251328,53.83999086,2
10-1-005431,1591884.276163386,4445896.602401532,35.76439392,2
10-1-005435,1601390.2392787952,4427083.90269415,3.40110193,1
10-1-005438,1598510.8231235037,4472976.154913523,5.82501563,
10-1-005439,1621398.9827112544,4558529.908302999,26.45654413,2
10-1-005442,1644223.2507134273,4548397.523146297,112.4792425,2
10-1-005443,1630645.6910262888,4540325.021201291,4.24809411,1
10-1-005444,1621325.097378059,4685764.088957012,15.6104589,2
10-1-005448,1640828.0875964724,4774865.978378978,3.01879322,1
10-1-005467,1644454.0884427049,4953233.34208657,8.977937,2
10-1-005470,1604675.7082574838,4975564.151537341,3.14040669,1
10-1-005480,1639779.1151354855,5014559.472608936,3.38832642,
10-1-005484,1665478.580356022,4975128.5382979,4.21002333,1
10-1-005485,1637205.810178419,4978929.92968154,3.41957517,1
10-1-005491,1638975.9553182863,5087159.012167871,3.21431136,1
10-1-005499,1674885.4778772772,5075721.097783089,3.60490464,1
10-1-005500,1626384.2381438082,5119294.8497504555,5.07545082,1
10-1-005503,1632201.6471751991,5128868.196128521,6.69212972,
10-1-005505,1667550.8323195877,5163615.978867133,7.89845856,2
10-1-005507,1672455.72879867,5134829.888298221,3.5541072,
10-1-005508,1658327.075068858,5154188.766672618,3.93184365,
10-1-005509,1666954.7755996995,5113918.255614937,4.85035074,
10-1-005510,1613592.4853915367,5174853.882568102,6.3526778,1
10-1-005517,1637985.0842216285,5210107.428004182,4.8570046,
10-1-005533,1599519.1828339568,5278008.078846216,11.20934709,2
10-1-005535,1571874.4539917854,5323515.102649333,4.60568547,1
10-1-005541,1536291.838587897,5276855.441331878,5.00181343,1
10-1-005542,1532319.9050658469,5270076.157949037,10.14335908,2
10-1-005547,1572737.8116020733,5174920.177015482,5.95099037,1
10-1-005548,1554380.4951033976,5155050.261976101,3.25936783,1
10-1-005549,1570350.5523986488,5150708.52008038,3.97520666,
10-1-005553,1552499.6120562372,5131937.114151703,3.88647573,1
10-1-005559,1572757.5554919308,5108725.412837886,4.0025749,1
10-1-005562,1586275.6404968332,5112739.8552019615,6.01426547,
10-1-005568,1590984.6053485707,5104092.09960651,3.3713012,1
10-1-005577,1581663.5962079575,4980418.030174885,3.80488918,1
10-1-005580,1584297.9394263013,4973560.670379469,4.02928382,1
10-1-005584,1581772.1790078229,4926451.152909623,4.54165283,1
10-1-005585,1580364.381752851,4916081.666224059,7.1336193,
10-1-005588,1511279.5035283351,4974516.606923931,94.20828876,2
10-1-005593,1555889.5509936356,4891221.867249952,3.59677645,1
10-1-005595,1536605.285804998,4868318.557304401,22.45228709,2
10-1-005604,1593629.9493353018,4794361.543078729,5.29061403,1
10-1-005609,1579367.609597461,4722552.4804468015,4.88469239,1
10-1-005611,1527494.0819439732,4700800.514714048,8.08222281,2
10-1-005619,1546002.5748426146,4664155.749042947,34.21811045,2
10-1-005620,1594287.5854641793,4674040.957128661,17.63071045,2
10-1-005624,1566992.8600562997,4586793.695902751,3.77636825,1
10-1-005625,1536287.7642731396,4582406.407506708,3.76353172,1
10-1-005631,1523358.2583106481,4553553.36872708,5.27233473,1
10-1-005632,1559925.7904082192,4539050.357545073,3.18913592,1
10-1-005634,1533208.545476584,4505435.132362209,6.02499236,1
10-1-005636,1582393.9974409216,4503568.017464234,3.86633265,1
10-1-005637,1580758.768190247,4506910.124396844,34.7372611,2
10-1-005638,1540858.7737992462,4541870.419339033,28.67366065,2
10-1-005642,1532716.8206130872,4535311.278757409,3.60975164,1
10-1-005643,1531927.3435942838,4422795.896825517,12.93918496,2
10-1-005644,1552361.4107543735,4421354.748156947,12.01450564,2
10-1-005645,1584084.7562706864,4398234.090648524,6.30992412,1
10-1-005653,1580093.126275884,4340569.45860271,8.18827729,2
10-1-005654,1572399.8485561986,4335230.668939675,7.83953599,2
10-1-005655,1569719.8687450343,4324751.371351222,42.95779316,2
10-1-005656,1512488.048180462,4370225.235780016,60.84688778,2
10-1-005657,1516297.7980143076,4340131.185263672,7.87774617,
10-1-005660,1545870.6989825736,4263880.152237366,3.26528079,1
10-1-005661,1561254.0484329246,4227483.159907348,9.44899588,2
10-1-005663,1541623.227626251,4228919.513521165,8.62930136,2
10-1-005664,1534168.9990930222,4246450.717952909,6.31437927,
10-1-005666,1557512.5057339366,4285222.270592886,53.26503421,2
10-1-005669,1578488.186479245,4260649.257975814,45.11110921,2
10-1-005671,1563460.5939361781,4175881.4751102184,3.79497924,3
10-1-005675,1581372.4705930909,4165398.3367362497,11.93692879,2
10-1-005676,1519820.0437146898,4273983.039212974,3.34762862,1
10-1-005677,1518780.6755883447,4250743.437081791,20.52855464,2
10-1-005681,1559830.3866000078,4171918.7796256724,3.7656418,1
10-1-005684,1516957.4179563203,4151292.2197637865,19.53131819,2
10-1-005933,1510604.2993620113,4116801.823591608,5.86931501,1
10-1-005934,1511213.417716218,4067458.6901931968,6.1816615,
10-1-005935,1508573.3091706056,4043545.6306233,8.43360529,2
10-1-005936,1448009.9254594601,4131835.8583411197,8.6763583,
10-1-005937,1469860.5401085576,4150461.582326885,6.53918652,1
10-1-005943,1452603.8682684572,4165872.25114235,17.07313633,2
10-1-005944,1497733.1140679598,4201774.189928091,4.68044616,1
10-1-005945,1488130.7750936837,4186262.6240327875,3.78371922,1
10-1-005946,1450925.4201046086,4245122.144011741,3.56216587,1
10-1-005947,1500106.135692859,4209361.739950353,4.25841207,1
10-1-005948,1453347.369662138,4256041.564206332,3.52961713,1
10-1-005949,1479037.367464924,4255412.786127629,9.2240407,2
10-1-005950,1474181.5227956586,4246839.0320372805,24.31238476,2
10-1-005951,1439527.3034888657,4261892.589001683,11.21297356,2
10-1-005952,1484871.4483504745,4283761.465163389,3.56288433,1
10-1-005953,1472922.7462405106,4334664.586350073,3.50339947,1
10-1-005957,1451332.0395624116,4284221.801088724,8.73702493,2
10-1-005958,1442560.266899379,4284192.3432121705,14.54831778,2
10-1-005959,1457506.1046479424,4363690.831516705,13.22927859,2
10-1-005961,1457162.8415551432,4384966.293869419,3.76141323,1
10-1-005963,1491036.4692159179,4396923.308197911,27.96530731,2
10-1-005969,1470952.636055794,4473724.828327945,7.73454782,
10-1-005970,1502739.6568171424,4458769.03358002,4.43153807,1
10-1-005973,1461798.3383442105,4430333.777430168,60.02210725,2
10-1-005979,1469109.1277636015,4556622.753808748,3.21082727,1
10-1-005982,1470633.645779105,4514829.977640771,3.00612059,1
10-1-005983,1458105.6234092182,4539542.143458093,3.08187813,1
10-1-006006,1477584.9151512068,4658464.401349082,3.01833134,1
10-1-006009,1473305.7555362475,4750104.974128812,11.21218482,2
10-1-006010,1491105.4729581412,4724635.148170221,15.11395466,2
10-1-006055,1484199.529004108,5000886.003528703,12.76710289,2
10-1-006057,1516322.6949580638,5017635.091261786,4.81385276,
10-1-006059,1458388.7681325795,5019481.15000152,4.66143775,1
10-1-006062,1442883.858413406,5010167.846140489,3.60181071,1
10-1-006064,1470857.0769565634,5053450.400774618,9.63463637,2
10-1-006065,1459809.3087345518,5057205.533808647,11.91903492,2
10-1-006072,1491102.1436846482,5119738.933463013,4.05792485,1
10-1-006073,1486729.8230905493,5144994.582877636,4.47342563,1
10-1-006074,1458123.3176947066,5151837.891799378,13.51792514,2
10-1-006083,1516238.2095310194,5122391.429727336,5.30426699,
10-1-006084,1514973.0891599203,5128784.1084124455,7.84878963,
10-1-006090,1508182.1411692195,5208975.178066903,13.33121577,2
10-1-006095,1506695.4614108868,5189847.899651749,4.92759274,1
10-1-006101,1488762.937568264,5272158.435074052,3.81124077,1
10-1-006117,1487956.4016531808,5306710.642999034,3.06299305,1
10-1-006121,1485841.1660838255,5314723.67737437,8.84181852,2
10-1-006130,1432850.8399494763,5278450.56460233,4.79114535,1
10-1-006132,1431258.4733909732,5269054.906120416,8.28441649,2
10-1-006133,1398418.0994208388,5256980.778062134,3.96939163,1
10-1-006134,1401186.995194807,5271629.932318398,8.73542076,2
10-1-006135,1413047.5690586262,5271902.932152119,3.4026877,1
10-1-006138,1376379.596863566,5218131.163234715,4.193755,1
10-1-006140,1421017.1575113975,5240630.567759016,5.08920686,
10-1-006142,1442921.0932879138,5277643.067305441,6.84992984,1
10-1-006144,1397506.188473051,5313871.996818932,4.77079428,1
10-1-006153,1370673.3293775748,5148284.90914603,7.10358876,1
10-1-006170,1379891.6241777951,5044219.776934353,5.16098353,1
10-1-006173,1398224.696310624,5003407.391497376,15.12733201,2
10-1-006176,1361308.5453582306,5041107.85337497,7.52162129,2
10-1-006177,1359369.1223385187,5102743.282117739,4.17102508,1
10-1-006178,1362100.2521664018,4999937.995124216,5.87376043,1
10-1-006179,1370239.07997262,4992159.369578888,3.67886421,1
10-1-006180,1416138.2331589295,4973068.992933079,3.59790503,1
10-1-006181,1422462.9696522565,4954535.350594596,3.66476379,1
10-1-006182,1414553.4266651238,4951610.805802222,4.51496115,1
10-1-006183,1367074.3977712267,4944020.92937824,4.1737258,1
10-1-006185,1371291.608123777,4932807.407552723,9.97215022,2
10-1-006195,1379227.0361085932,4786024.665285995,6.75070327,2
10-1-006196,1373843.313996748,4723081.977183522,3.75554607,1
10-1-006201,1418991.6404393504,4752223.404425624,47.98944772,2
10-1-006202,1429386.2664886217,4688746.424531676,4.14855232,1
10-1-006203,1411575.365149772,4653476.392760863,3.18291516,1
10-1-006209,1367862.5399985209,4616318.661141312,5.48996386,1
10-1-006210,1382371.8938110506,4624381.445543338,13.19179905,2
10-1-006211,1430685.7861913426,4622626.084464133,3.95189467,1
10-1-006212,1408090.0490762834,4594923.665601019,3.47049144,1
10-1-006216,1412943.4482083523,4563158.558062088,6.68034645,2
10-1-006217,1395164.9369012949,4559197.395928179,3.94453632,1
10-1-006219,1377982.2155929091,4527623.08830039,4.89401523,
10-1-006221,1408540.253744397,4507126.552067877,11.22070087,2
10-1-006223,1367005.0010597447,4536102.540437507,3.20119484,1
10-1-006225,1421964.7498307866,4494758.932281184,5.41786283,1
10-1-006227,1382871.3980433557,4482989.881135521,3.36418753,1
10-1-006229,1391674.9057894163,4460611.50640118,5.91863547,
10-1-006231,1402204.3031057098,4429896.6640320625,10.3793011,2
10-1-006236,1369923.9939018234,4428050.84474871,26.37168218,2
10-1-006237,1380147.559780812,4381288.348177244,17.48694307,2
10-1-006239,1431691.978347378,4392136.520615112,6.52721995,1
10-1-006241,1433579.8394142704,4360798.750252636,15.37367545,2
10-1-006243,1412029.3560737292,4330382.090941769,10.84926398,2
10-1-006244,1392202.8170166835,4315529.728310666,3.66770706,
10-1-006246,1371902.878621842,4335830.348326394,4.01309357,1
10-1-006247,1372250.5017174568,4302996.498949924,8.33731853,2
10-1-006251,1414139.5008241362,4297248.9507249305,9.65574368,2
10-1-006254,1406889.0858265508,4294833.862422513,7.93826309,2
10-1-006255,1417243.0955690055,4318041.776887773,12.89482442,2
10-1-006256,1428069.7530881404,4284094.797928948,7.74807027,2
10-1-006258,1440823.9265991778,4321485.373021322,5.98034029,
10-1-006260,1375101.0224816033,4309165.966354399,15.13291202,2
10-1-006262,1362410.0802729544,4304347.140811814,16.81463503,2
10-1-006267,1418092.2742794354,4254441.313368675,6.61656921,3
10-1-006268,1407729.883563651,4248823.981405045,24.25071245,2
10-1-006269,1406047.4737006698,4226040.450030592,24.39414279,2
10-1-006277,1394122.0290880525,4191440.330084456,6.32211671,3
10-1-006278,1396390.7289326952,4178958.4795279643,5.34173186,1
10-1-006280,1419967.629084853,4180168.613245827,4.08787855,1
10-1-006282,1429229.1250168323,4178831.305073896,3.62311318,1
10-1-006283,1411789.5328030314,4151596.7733101086,3.00617435,1
10-1-006288,1375691.1188713782,4170084.537228534,3.73252244,1
10-1-006289,1401378.5543723463,4187068.285694995,31.23323353,2
10-1-006292,1424672.2469734787,4144062.26998877,3.77249081,1
10-1-006518,1357001.0688408085,4157656.4369242634,4.48188058,1
10-1-006519,1344184.5637669514,4193561.16620664,9.78546318,2
10-1-006520,1310352.7888140094,4194350.762360919,7.99084777,2
10-1-006522,1305132.688906795,4216777.466979654,24.63915893,2
10-1-006524,1310106.0734670826,4226975.223135613,8.41823205,2
10-1-006526,1340775.9798311067,4227144.276376922,17.92377547,2
10-1-006528,1348120.1556342114,4264074.773967182,11.61432308,2
10-1-006529,1282951.3559527716,4209044.975314035,32.74976544,2
10-1-006531,1329229.2017001114,4278657.147158025,3.81241783,3
10-1-006533,1345444.9169408446,4298731.71679395,3.15716783,1
10-1-006537,1315703.9857553127,4313222.528147523,3.50591202,1
10-1-006541,1288678.9617287796,4333018.448201653,4.43878054,1
10-1-006548,1345020.9250411543,4285185.854256155,5.47837476,
10-1-006549,1342162.4044186606,4351597.111303302,9.8776898,2
10-1-006550,1336428.7239187732,4367535.562134423,7.55307856,2
10-1-006556,1330338.2658584144,4403433.933968432,54.09011478,2
10-1-006561,1298910.416628632,4356840.76802834,5.33434899,1
10-1-006562,1297681.6533228825,4368178.813099037,7.2322124,2
10-1-006565,1359786.3401120296,4433436.796057209,30.63882078,2
10-1-006566,1287613.285407087,4386974.302175402,22.56218525,2
10-1-006567,1286792.8906576054,4364147.405487464,7.84436751,1
10-1-006568,1306605.0475139546,4470492.481917548,4.26831511,1
10-1-006573,1342422.6537928155,4528303.623334756,19.0659427,2
10-1-006574,1316791.165734176,4524370.1622736575,3.11818899,1
10-1-006576,1315102.5341542899,4515032.64664604,4.0805989,1
10-1-006577,1357227.2247236695,4512936.443709965,10.93066554,2
10-1-006578,1302578.1587525003,4514938.45375215,9.03783844,2
10-1-006581,1306582.0685921006,4520175.27470877,3.07854236,1
10-1-006583,1357920.3075094782,4564392.831828165,9.87826455,2
10-1-006588,1303209.3562889914,4614662.664384022,3.83751175,1
10-1-006589,1296584.4552951353,4637397.397037458,24.47161603,2
10-1-006590,1284797.2949643154,4649762.088817908,3.27133171,1
10-1-006592,1335519.7036362565,4685890.427684602,26.23361398,2
10-1-006595,1337557.0074152085,4735532.579867742,5.27127257,1
10-1-006597,1345846.0383853093,4706039.582648736,13.7780552,2
10-1-006598,1363067.532067836,4713320.31673605,3.02194166,1
10-1-006599,1357806.2249181326,4724139.0579694845,12.96257404,2
10-1-006602,1349099.7959895222,4780577.000615184,8.48391926,2
10-1-006606,1289440.6428405624,4759002.335736461,36.91869201,2
10-1-006607,1316611.7648951032,4767396.928444117,11.07367607,2
10-1-006609,1305607.993819503,4848324.753816337,4.15371773,1
10-1-006610,1309478.525862258,4852479.316689606,7.93123944,2
10-1-006611,1323933.6688839337,4876163.915905332,9.07719016,2
10-1-006612,1339838.678208956,4882315.024592134,5.28982516,1
10-1-006617,1289421.699114354,4874103.509920053,3.43258448,1
10-1-006620,1352069.120903256,4942137.056089888,3.45238151,1
10-1-006622,1287678.5787608349,4912973.432308167,8.69359121,2
10-1-006623,1287897.8413820392,4858496.667650008,12.07723675,2
10-1-006624,1291539.365995774,4852061.196212957,11.3595097,2
10-1-006629,1287569.1501583569,4953638.399743473,4.11811962,1
10-1-006631,1303009.1203739294,4997013.120190249,3.93624066,1
10-1-006635,1327888.405407385,5024160.416334895,3.74333037,1
10-1-006637,1322465.7657065138,5024070.4459342165,3.33677698,1
10-1-006640,1320523.2825053805,5087999.357071617,3.54360797,1
10-1-006644,1299957.8421065644,5033669.624558435,105.2838451,2
10-1-006648,1329511.9902024702,5130053.535442117,3.48628765,1
10-1-006665,1335214.1015791974,5174969.343811778,4.10379997,1
10-1-006680,1339567.1080009541,5279322.472702099,3.74484684,1
10-1-006681,1346378.6616873979,5260621.419532286,3.02421747,1
10-1-006685,1285641.4344218988,5277930.761107324,3.22417273,1
10-1-006687,1307956.3656623068,5327756.363550314,5.17064519,1
10-1-006691,1253145.9268354303,5320943.074990536,10.08601043,2
10-1-006692,1226004.5714613416,5288567.769172828,6.6611867,2
10-1-006696,1263918.9834662254,5250154.928118497,5.96720034,1
10-1-006697,1261186.6504293,5250051.1794925,5.9636597,1
10-1-006700,1278279.6022669896,5223992.361369968,9.75415683,2
10-1-006702,1222621.2525445311,5134448.734789436,4.78401804,1
10-1-006704,1217903.6880080667,5186218.742604457,4.13021484,1
10-1-006707,1277632.7902777828,5165452.109650483,4.09311504,1
10-1-006710,1282131.2978647363,5185590.636070507,9.04629498,2
10-1-006718,1214858.4299349103,5032308.916045129,6.13224809,
10-1-006722,1280903.4532653983,5010563.799713209,4.24728503,1
10-1-006729,1236424.9497404026,4957691.893057182,5.84348238,1
10-1-006735,1251863.782538166,4946835.905687676,5.01911859,1
10-1-006736,1240614.5194769518,4944644.736958899,3.50178285,1
10-1-006740,1249831.4261414194,4926421.250497708,11.17444483,2
10-1-006741,1224464.1260402289,4897532.555833173,10.19846746,2
10-1-006744,1275616.6108191612,4884755.012209164,10.98529516,2
10-1-006745,1266979.7570088904,4868552.956650987,10.15287263,2
10-1-006747,1268045.273297853,4848877.169610816,4.58904725,1
10-1-006748,1269147.8697630179,4832548.180833094,3.79443188,1
10-1-006751,1240399.9037320486,4900366.108978966,10.40899672,2
10-1-006752,1232756.3487742178,4875504.30544674,10.87073573,2
10-1-006755,1264762.6700904553,4807900.425225936,5.79893756,1
10-1-006756,1247495.0798691877,4812647.081934532,6.65278403,1
10-1-006758,1254322.1413198602,4782388.491692573,4.0999769,1
10-1-006762,1238019.8217001974,4765016.995776147,34.3732456,2
10-1-006767,1235705.28729632,4699367.124076589,6.84720238,2
10-1-006776,1262472.866077752,4665685.762700933,3.47043827,1
10-1-006777,1265827.5474339265,4670478.022217662,5.89776907,1
10-1-006780,1266416.1075094952,4625589.188253675,13.38341937,2
10-1-006781,1188660.3388839413,4708560.48577751,71.19870229,2
10-1-006788,1277565.6257265245,4590567.9824836785,5.13938948,
10-1-006791,1270926.8018851778,4560202.054733577,15.83288258,2
10-1-006792,1236076.640874905,4524128.726228673,6.88478779,1
10-1-006794,1215907.9980732803,4507898.569515862,3.8278756,1
10-1-006796,1283894.9658280446,4472401.073150085,3.44105758,1
10-1-006801,1279464.4591115413,4513045.031844255,17.97448353,2
10-1-006804,1258032.5126066576,4422148.301268648,3.52384728,1
10-1-006806,1231587.6303413934,4398182.729625688,3.43928534,1
10-1-006807,1221899.9275382005,4424145.455799269,8.41034403,2
10-1-006810,1236811.0340354065,4487286.873138289,3.38220325,1
10-1-006812,1229861.110716376,4491290.076463023,60.8254545,2
10-1-006813,1206292.851738912,4446103.793813202,33.01176258,2
10-1-006828,1269153.283610995,4366609.992689507,3.2225637,1
10-1-006836,1222730.0795424879,4334355.8008271195,3.84635344,1
10-1-006837,1261987.6492119331,4348134.2893117685,12.14163598,2
10-1-006842,1257113.0783424291,4293768.598036921,18.40969221,2
10-1-006843,1233743.8313260016,4290448.221770872,3.89656915,1
10-1-006844,1284163.150454741,4328810.09714248,7.77686388,2
10-1-006847,1241777.5016254848,4273155.981174795,5.18660762,
10-1-006849,1212046.220413558,4268924.9641466625,5.31101914,1
10-1-006850,1248531.0736757899,4258109.984867805,4.66973617,1
10-1-006851,1255353.4645416085,4271533.10822900,5.36587608,
10-1-006852,1241766.1339672466,4259078.742404777,4.47865462,1
10-1-006854,1278906.4652873592,4207574.024402184,4.20284255,1
10-1-006856,1270801.349264739,4218273.706619091,3.45542274,1
10-1-006860,1227038.3491109933,4244002.221929079,22.68688765,2
10-1-006863,1209257.6720276596,4238345.322762081,3.09579883,1
10-1-006865,1256615.154285152,4197432.730756858,4.28280183,1
10-1-006866,1234762.850401685,4179670.054984769,3.2571016,1
10-1-006876,1233452.0389080942,4212589.316792688,3.28275713,1
10-1-006878,1252172.3570550024,4167564.1313866507,3.76416023,
10-1-006879,1275592.959759842,4174183.1739971694,5.51278078,1
10-1-006880,1260338.6310670902,4167566.477940641,8.4029122,2
10-1-006888,1281409.2912375194,4157750.747175487,22.80640317,2
10-1-007200,1146769.2652789128,4198263.233647724,6.90352162,1
10-1-007205,1100224.2448892158,4237281.16319504,3.40303965,1
10-1-007208,1132833.4373560606,4229744.84913300,7.56789862,2
10-1-007211,1158472.8440712546,4174969.7917645355,42.9934004,2
10-1-007212,1173361.8121147945,4159685.55473273,9.16051572,2
10-1-007215,1189116.9033712787,4201336.712603705,31.07981791,2
10-1-007222,1160852.4590446204,4042846.7629506667,3.4439605,1
10-1-007223,1144482.5433780425,4070491.1942505036,4.433695,1
10-1-007236,1160988.7032054705,4054432.489491806,4.63269777,1
10-1-007242,1149950.4130700582,4274879.867372337,5.9833124,
10-1-007248,1196122.8138444636,4345374.131324846,4.80529515,1
10-1-007253,1195996.6926428427,4291484.683228673,34.06488838,2
10-1-007254,1177702.4207417045,4345160.056134941,30.72100345,2
10-1-007256,1129610.45819478,4297868.091869731,8.37532385,1
10-1-007259,1206671.8536965523,4336952.929915939,5.64185315,
10-1-007266,1150848.0905883168,4431388.720890117,3.11285125,1
10-1-007270,1137112.180293209,4405725.309858169,4.82332165,1
10-1-007273,1140603.933831431,4470979.678447506,5.41081375,1
10-1-007274,1158087.9535018723,4438938.413095651,6.69515722,
10-1-007276,1173275.6759797784,4526236.843305122,14.08338478,2
10-1-007277,1170007.977153947,4546241.19946993,10.83769341,2
10-1-007279,1190571.008171109,4508162.340202785,37.54593075,2
10-1-007288,1186568.9375224735,4658083.031499755,6.37988741,1
10-1-007289,1189042.8716377714,4660241.915699798,3.43051396,1
10-1-007291,1166887.958309292,4718542.229162106,10.80879973,2
10-1-007292,1158244.5846470676,4759664.38580511,3.95742733,1
10-1-007294,1202102.8345034332,4734827.064316971,3.21429517,1
10-1-007304,1192880.3148391473,4832531.659528243,4.7059788,1
10-1-007305,1140987.2975700286,4831055.670548973,4.64126167,1
10-1-007309,1152785.7431718665,4830093.645055499,7.85237952,
10-1-007311,1157104.2417953731,4882475.022351793,7.50959366,2
10-1-007313,1196605.1655317058,4893234.076711447,6.91415173,1
10-1-007316,1202117.169879738,4973905.762587098,4.54281927,
10-1-007317,1184040.2864387245,4967768.791310188,4.49442606,1
10-1-007320,1145016.7966431195,4963492.12464953,12.69831028,2
10-1-007326,1202961.7983262183,5088460.6069616545,7.29658248,2
10-1-007330,1172707.2177932104,5111991.70396841,23.57271773,2
10-1-007335,1203703.409555546,5276679.677384768,8.39203603,2
10-1-007347,1087538.0242388095,5314585.073619827,3.90830863,1
10-1-007348,1123847.7121948826,5241198.459311178,4.07220292,1
10-1-007355,1090927.420843068,5170177.982849192,3.0552984,1
10-1-007356,1108069.6325331235,5163268.748740777,3.09084357,1
10-1-007367,1112261.5636415076,4954063.619746187,4.07992294,1
10-1-007374,1095354.0731416391,4902099.9166130405,5.31846272,1
10-1-007381,1071857.4643735779,4783146.033291079,15.37183595,2
10-1-007382,1072939.2850341352,4767489.8007716285,5.06079367,1
10-1-007383,1105615.844167649,4764590.8452127455,30.02905747,2
10-1-007388,1128008.5311624573,4713678.81138844,15.15164719,2
10-1-007389,1069673.7780639878,4723481.94757776,49.50856278,2
10-1-007390,1073566.6488976777,4635726.699199439,6.58413112,1
10-1-007391,1070053.8812838946,4618386.729730778,3.77581574,1
10-1-007395,1124693.7406313915,4599276.054414981,3.54353981,1
10-1-007397,1091088.0362105211,4605525.678657518,47.5234331,2
10-1-007399,1105778.8819564597,4561285.4514201665,3.67364958,1
10-1-007404,1061297.3484784472,4541328.4993207725,6.48929177,1
10-1-007405,1132000.421358624,4516139.522504942,4.79688398,
10-1-007406,1112070.6244426176,4487334.908443915,3.41250993,1
10-1-007409,1067196.3315266282,4477310.679333133,4.77347718,1
10-1-007411,1080871.0115211837,4491658.308217949,33.60440635,2
10-1-007412,1129165.5037856305,4493320.695022867,8.88252357,2
10-1-007413,1134845.530052935,4481182.047102366,16.61561982,2
10-1-007415,1067438.6904270223,4443690.569595728,3.01858031,1
10-1-007420,1121902.7105527536,4453046.916333931,3.98534055,1
10-1-007421,1098270.7253568664,4465256.714213375,12.33655929,2
10-1-007422,1126590.7502360027,4449012.0419392595,5.23307904,
10-1-007423,1116761.4350629468,4410574.593185514,5.39678374,1
10-1-007426,1123856.2425320935,4386726.695386899,7.75653093,1
10-1-007427,1106870.1285448007,4379131.283608609,10.47130714,2
10-1-007428,1107808.3020489719,4397685.698195416,8.65728305,2
10-1-007429,1102976.8297717376,4405401.094216497,8.52283882,2
10-1-007430,1079855.4426326111,4382619.8092273995,13.25732548,2
10-1-007431,1094257.8981379347,4347105.108750458,15.93269038,2
10-1-007434,1074181.6677179025,4295503.171457242,9.82703961,2
10-1-007442,1082030.4605026715,4206633.569542543,7.63435838,2
10-1-007443,1077503.4493084042,4156243.062825015,5.99648058,3
10-1-007772,1024910.0968072489,4187815.7102614106,4.69915122,1
10-1-007776,1031069.126521461,4244323.416508443,3.3757163,1
10-1-007777,1034491.0725975281,4279714.284251799,3.70108519,1
10-1-007779,1005508.9235605147,4230175.752668475,23.58864534,2
10-1-007781,991910.8441211365,4240683.67951957,9.20441595,2
10-1-007782,1009716.4051085223,4257505.938365703,41.39977792,2
10-1-007783,1052851.4593537601,4317068.88872823,4.27080383,1
10-1-007784,1049046.7493654753,4332739.447733278,6.6963107,
10-1-007787,1014165.1401456604,4331355.752000125,22.4923792,2
10-1-007791,995032.2534723987,4340055.288852506,5.22388669,1
10-1-007794,1043154.2369740013,4338555.6464430615,18.47180933,2
10-1-007796,1044655.3836911054,4303109.472573723,15.07475824,2
10-1-007797,1034165.5405384739,4297783.476045649,14.51853597,2
10-1-007798,1005346.5472403204,4372429.677149231,5.43601125,1
10-1-007804,1045674.9622886297,4413970.073404361,11.67375618,2
10-1-007806,1050765.9762397255,4409973.695771908,13.94666432,2
10-1-007807,1055951.1036610594,4403241.3185748765,11.29078061,2
10-1-007810,1025094.5831308463,4438425.009131695,10.37936595,2
10-1-007812,1037480.1674805272,4477971.079286525,3.45580661,1
10-1-007814,996862.9318813737,4471047.391851756,4.7579647,1
10-1-007816,1057624.297416947,4596240.716000216,7.21088864,
10-1-007825,1043689.5832033514,4692942.5971001135,5.69574177,1
10-1-007826,1048623.8622843341,4705999.025613301,8.74170805,2
10-1-007828,987281.7723498128,4745507.957505975,7.34356518,2
10-1-007829,1008872.4327962344,4803406.832421929,4.3393488,1
10-1-007840,1009063.1414294506,5040230.665380547,9.17848835,2
10-1-007864,1008037.5728661222,5293685.790721571,3.07182822,1
10-1-007877,953275.6387742128,5186420.933289678,6.90814337,1
10-1-007885,977803.8042932649,5089670.415872347,3.04279247,1
10-1-007894,915533.8410352318,4954215.959643369,3.51261105,1
10-1-007896,945179.1538501517,4942352.178605103,4.36760581,1
10-1-007916,937429.6720430559,4651257.510512283,15.98080415,2
10-1-007917,933225.7645593467,4669688.745536129,3.354236,1
10-1-007919,924047.1815846631,4635003.490548609,5.54920444,1
10-1-007922,917647.9545973369,4611255.162743602,4.27128246,1
10-1-007924,954043.9404992977,4577035.447115991,8.66817741,2
10-1-007931,974588.5144082928,4557841.474764347,10.17598027,2
10-1-007933,940918.8425344768,4507138.005669618,7.64721134,2
10-1-007934,910849.067205098,4541635.541672399,20.88156083,2
10-1-007935,976328.8140367713,4510237.278345355,4.60942376,1
10-1-007937,978092.9573565583,4398802.97736718,5.33538409,1
10-1-007938,984132.754981809,4389078.237655894,3.3440501,1
10-1-007944,964861.3321233788,4336065.749952039,7.75392193,2
10-1-007945,953632.2290371192,4312187.929589239,3.99872242,1
10-1-007947,976149.1529963338,4377239.1449261205,7.01860663,
10-1-007948,971091.7844448886,4368898.690105519,5.18131057,
10-1-007951,952910.6811703944,4260741.541145795,3.63398597,1
10-1-007958,939943.0779347955,4221649.452431502,3.29311039,1
10-1-007959,962108.7650222714,4195057.209065093,4.28069873,1
10-1-007960,985079.2086979614,4286361.730300997,13.59471775,2
10-1-007961,913144.0035267161,4290115.780446888,51.14388254,2
10-1-007962,940249.7729561277,4187885.513574568,6.79840604,1
10-1-007966,977386.3363945247,4149517.9422232076,6.13029325,3
10-1-007967,937363.5317012679,4181145.4548065085,3.00448453,1
10-1-007968,945145.5517186096,4152616.466301399,3.25468241,1
10-1-007969,980158.4020019703,4239744.230495272,14.83243929,2
10-1-007972,944566.1490714666,4194884.994881013,93.33066765,2
10-1-008309,843778.3117222695,4189336.1160284723,3.54196596,1
10-1-008310,864223.5177530651,4180648.048781105,5.38099287,1
10-1-008312,856653.4930928549,4169130.2259053495,6.55522786,1
10-1-008313,851852.7749572861,4152077.2099390184,12.93918316,2
10-1-008315,872240.075812025,4233137.632503991,6.28153042,1
10-1-008316,853711.4822098105,4244602.623833938,3.75239362,1
10-1-008317,893567.6104441525,4266954.372678328,10.12778101,2
10-1-008318,887414.9286948885,4271893.773399378,3.07242466,1
10-1-008321,844485.4364910449,4251736.548636666,6.58292679,1
10-1-008322,901441.8673997978,4321699.644992214,11.82410833,2
10-1-008329,854761.5452642151,4403733.368245543,3.8067532,1
10-1-008332,890380.5639651304,4423414.405544679,4.26058374,1
10-1-008336,861926.8175151364,4497181.721121473,3.2583227,1
10-1-008340,827853.3131238708,4513136.39275154,17.35154853,2
10-1-008343,884348.2173452352,4538023.704315466,9.04140687,2
10-1-008344,894134.288711137,4537619.644195912,12.68403001,2
10-1-008356,846630.4594858354,4747458.374181509,3.51099249,1
10-1-008360,894141.1227014122,4817214.415449564,11.18729238,2
10-1-008367,862207.0591262367,5036325.9782042615,3.11083273,1
10-1-008378,863775.8445656508,5172353.841187441,8.80355549,2
10-1-008394,856950.1748070135,5263283.583551629,3.33836106,1
10-1-008398,847444.7546174575,5310471.790892847,6.03207267,1
10-1-008413,769639.8446823002,5219585.148899068,7.83774466,1
10-1-008415,796726.1932508828,5201606.146810009,4.3883883,1
10-1-008423,809467.1344260233,5169506.436319814,4.83972344,1
10-1-008429,755602.4090157456,5210531.684254232,8.95275533,1
10-1-008433,764986.8302364609,5101747.602333908,4.87485122,1
10-1-008438,759884.9121293295,5056525.157621582,4.89229105,1
10-1-008442,802202.0539105386,5012647.319166378,4.43413773,1
10-1-008445,761978.381469294,4935002.887089069,3.21165249,1
10-1-008447,755863.9552477254,4998168.631181156,3.31946686,1
10-1-008448,750037.2257916095,4964626.411151473,16.03892312,2
10-1-008450,812077.3215928782,4898571.011180244,3.54553666,1
10-1-008451,787000.8797926243,4917956.977168653,12.3166295,2
10-1-008458,762570.8676811667,4735706.333922309,4.05702367,1
10-1-008460,829144.2106187397,4727985.035064354,8.7150453,2
10-1-008461,810787.2076656715,4704304.833785127,10.91713494,2
10-1-008464,818580.0968689339,4665660.913766996,3.43761215,1
10-1-008468,799385.8577960734,4642278.818493223,5.06675866,1
10-1-008474,805117.2670166254,4582851.41051839,6.0900374,1
10-1-008484,785503.1595540785,4467694.929023388,5.19797185,1
10-1-008486,822201.0768364484,4453382.804881456,3.30390432,1
10-1-008487,771158.7342874261,4459151.999607649,6.71274983,
10-1-008491,800284.6247223222,4417404.692887197,7.46815146,1
10-1-008510,773820.3779040416,4307295.090687274,11.86769546,2
10-1-008520,823190.0802918784,4222866.268404903,5.85684011,1
10-1-008872,712430.3652795186,4293082.991150447,4.19128587,1
10-1-008878,742036.96676982,4358367.122271239,6.40907783,1
10-1-008881,696294.9894327006,4394999.7693157,3.53147669,1
10-1-008882,713100.4780341804,4396792.670517027,5.05246103,1
10-1-008884,744968.9844979608,4384433.321458895,3.36802591,1
10-1-008888,676848.6567277656,4375067.20561161,10.60851974,2
10-1-008889,676775.7138095347,4351057.0559627,64.66983554,2
10-1-008890,691807.6402760092,4469058.380616226,5.49428197,1
10-1-008894,699505.6454810749,4430418.800448641,20.50982016,2
10-1-008896,684377.4937050425,4498599.700607056,3.15260769,1
10-1-008903,733071.025803039,4526387.079660979,3.0873168,1
10-1-008909,686892.3600436199,4606467.406073718,3.70686331,1
10-1-008912,720515.8986304388,4663141.742547988,3.9306304,1
10-1-008915,721245.736192566,4713252.019508692,3.68165957,1
10-1-008918,731646.4446709965,4735963.427095405,3.9170165,1
10-1-008919,750102.7188899126,4756722.0364824785,3.22365933,1
10-1-008927,708316.8573212896,4864966.4975214265,10.87645421,2
10-1-008928,701339.9773779995,4797224.5149819665,3.42975543,1
10-1-008933,703607.3406529913,4994790.644910531,3.02679573,1
10-1-008937,745988.1541229532,5029647.28428279,7.09069578,1
10-1-008944,711546.8708101145,5098818.529207995,3.37314335,1
10-1-008954,721111.7953175972,5268511.55410558,11.03202089,2
10-1-008955,736922.4997258191,5288942.051350367,25.92253765,2
10-1-008961,623337.4264288576,5304912.929554251,4.46280665,1
10-1-008978,642380.6586179035,5229881.35185596,3.83665989,1
10-1-008982,672656.7143578192,5198191.0483566355,10.75738077,2
10-1-008987,652731.705976716,5133021.602024424,8.21231925,2
10-1-008988,613463.155691153,5070712.644124569,3.2011434,1
10-1-009001,647846.5593146292,4916269.4112882055,3.27366146,1
10-1-009011,611299.6601776363,4760557.162172841,4.81790266,
10-1-009012,608078.9143620067,4761287.83131245,3.99677858,
10-1-009019,640480.4856996671,4710165.522779214,7.17020566,1
10-1-009026,612055.4556412466,4644262.727648243,7.51125931,
10-1-009028,625974.5441405645,4617554.582651793,3.39214473,1
10-1-009051,655375.686128961,4433809.257417913,6.87183073,1
10-1-009054,648380.0604258763,4412217.303077236,16.32950423,2
10-1-009056,653360.769150763,4342605.643930696,3.4268235,1
10-1-009062,627514.8674626314,4310398.774339216,4.49586629,1
10-1-009063,617904.305769614,4313214.6308286665,16.5408303,2
10-1-009068,647928.8434025684,4268397.971033092,5.64309092,1
10-1-009074,603009.5255744141,4243144.361739416,12.90300301,2
10-1-009079,602182.3561060384,4184936.3124802466,5.79570132,
10-1-009466,569194.6417797426,4473107.794873467,15.47242252,2
10-1-009471,540483.7397438884,4482073.849048586,6.87632006,
10-1-009475,573086.9264787416,4577830.039847722,4.08080332,1
10-1-009480,542363.4595309176,4571868.700342743,3.21449576,1
10-1-009484,548067.8949977808,4564407.958477412,3.61753412,1
10-1-009485,538063.9502725829,4578445.736732551,3.29233868,1
10-1-009502,569505.5385493018,4693617.015920633,3.3113499,1
10-1-009503,560405.6919147525,4685793.368426709,5.14868139,1
10-1-009506,547629.475969687,4772570.035036589,5.46420758,
10-1-009512,581752.8186427295,4755988.332648142,4.74771577,1
10-1-009514,544657.3393401623,4886598.011952903,3.06410408,1
10-1-009521,549922.1467020228,4948522.578941122,6.3656953,1
10-1-009532,565910.521699152,5144956.148943082,4.56467351,1
10-1-009536,563468.4042243029,5246767.184000352,5.85245703,1
10-1-009537,593161.6477901321,5242222.885714986,3.0203306,1
10-1-009545,457368.06596640445,5271792.940471518,4.2026165,1
10-1-009546,465378.67815746827,5227778.171492867,4.30214848,1
10-1-009550,471391.1973741296,5162465.687906785,4.05394497,1
10-1-009552,509123.4577551298,5141980.341518366,4.88039433,1
10-1-009556,514365.6080980084,5079905.165357303,4.03832765,1
10-1-009557,503032.9275022284,5072435.8990819,3.46671586,1
10-1-009558,513699.40097175253,5065457.96707159,3.98184373,1
10-1-009561,455542.6285107866,5028830.681716289,4.02333318,1
10-1-009562,469044.40380966995,5041304.228944961,10.8649384,2
10-1-009569,507061.4833305559,4927838.495018161,3.34495134,1
10-1-009572,460304.4285238871,4917312.808683056,6.39550088,
10-1-009573,443526.4334268399,4975924.611628738,3.38856939,1
10-1-009582,471722.11192659975,4823878.123194964,7.53732132,
10-1-009587,443429.76678257616,4802291.919363709,4.60297838,1
10-1-009593,458490.9138029944,4690744.326474416,4.05923632,1
10-1-009597,485593.285322653,4658983.145664502,3.6229956,1
10-1-009599,511080.3139698951,4644764.241773091,4.73705277,1
10-1-009604,513732.65968491073,4559832.546865809,10.95217648,2
10-1-009605,466516.73289675516,4552758.680568424,7.13524475,2
10-1-009609,476933.2622108511,4508987.667516626,4.9223551,1
10-1-009611,447486.889638596,4486704.0878734095,3.29149982,1
10-1-009969,384870.0292408276,4464397.393576874,15.32813266,2
10-1-009978,431946.26008069474,4553226.563518752,3.02495292,1
10-1-009980,391288.5846256274,4582278.491567658,4.62723715,1
10-1-009982,399634.71349556994,4601825.480710625,14.89764033,2
10-1-009994,384156.180370918,4678534.48177058,7.46699656,2
10-1-009995,369083.3781667903,4671651.5167384,5.48582128,1
10-1-010013,363614.09052551736,4946157.929398844,8.03734337,2
10-1-010014,365839.2252528473,4912017.1276884265,8.63654092,2
10-1-010015,377653.17583315924,5019217.8297770955,3.2137192,1
10-1-010018,439382.33645701356,4988941.328909105,3.2253495,1
10-1-010022,414710.94069647166,5061100.746454616,4.92006367,1
10-1-010023,410104.61704424286,5056456.464461397,4.65099459,1
10-1-010026,380073.0173447376,5110682.2889085645,3.07272232,1
10-1-010027,375069.1947370613,5118174.026150083,5.8262917,1
10-1-010030,368833.5814192876,5130572.465869675,12.3331866,2
10-1-010038,428500.8680242881,5316343.25483136,4.52255785,1
10-1-010043,363822.4759591648,5306573.161844455,4.79636872,1
10-1-010060,329190.17343107145,5101005.722012509,3.07695566,1
10-1-010062,333284.2314262234,5061606.579092313,3.44721439,1
10-1-010064,359838.3273759367,5038622.3358536055,4.76786396,1
10-1-010065,362287.7252731056,5006399.885594098,3.20648739,1
10-1-010069,292183.03213606804,4993604.799419337,17.3828335,2
10-1-010075,303287.9652938536,4919897.788324118,10.29245118,2
10-1-010077,291721.3393109977,4890157.495491363,9.36630829,2
10-1-010079,338213.1212568526,4873006.20224025,24.13820859,2
10-1-010080,347994.2793808648,4780856.700485858,8.45489106,2
10-1-010081,312102.1772735805,4815668.057708157,45.11529613,2
10-1-010082,311713.462633213,4740174.637998729,5.10448081,
10-1-010085,333247.79570775095,4731856.719935476,3.10427968,1
10-1-010096,321153.8273843462,4692222.402399026,3.04340946,1
10-1-010098,332936.5261804741,4759928.564871852,65.23294547,2
10-1-010104,340447.5315404716,4669431.769127654,5.23088641,1
10-1-010112,357319.2408557324,4580350.462285592,7.57586573,1
10-1-010116,324821.24007787666,4510046.50925533,6.3004794,1
10-1-010506,213348.15380439867,4449912.247381935,6.55902658,1
10-1-010507,247841.6440612289,4453888.734131505,8.6117354,2
10-1-010509,275651.0706465185,4472077.121266059,17.82405732,2
10-1-010512,224593.38208486713,4549126.264780583,3.43104214,1
10-1-010531,216850.05845575585,4731300.808907637,4.00152208,1
10-1-010535,229154.22538363634,4760988.478237132,3.60296545,1
10-1-010537,235892.0144134174,4766083.542201717,11.52747298,2
10-1-010542,226709.20663393917,4835134.082736849,3.69434441,1
10-1-010545,235617.4545569378,4881133.076194267,9.30857574,2
10-1-010549,255673.18069456058,4885073.573361052,17.68148279,2
10-1-010557,214730.13517211739,5012516.9304252975,17.38245032,2
10-1-010561,261975.40117552207,5087624.521299375,3.12059562,1
10-1-010565,250255.3374709577,5083581.641119219,3.41190246,1
10-1-010568,239072.5370100319,5125292.79881687,7.29942714,
10-1-010570,218795.71397976432,5297904.030025302,5.75412826,
10-1-010572,212657.6743954752,5321870.452805299,7.07866545,1
10-1-010574,192479.18626177212,5284277.970937622,26.37415306,2
10-1-010575,183572.66592172717,5247880.901554809,11.80699274,2
10-1-010577,196156.60603898088,5234053.658802677,6.71346295,
10-1-010581,160744.38103876554,5204112.58298001,4.41152823,1
10-1-010582,150565.98410139873,5215506.574900322,31.1548816,2
10-1-010586,154801.98182225323,5279351.228805497,16.59684216,2
10-1-010587,155791.68663593943,5295221.834649901,24.2354173,2
10-1-010589,163960.00319910163,5322396.1484683305,12.24533108,2
10-1-010590,142187.36420122982,5295324.000730016,8.41860916,2
10-1-010591,168542.91732289054,5316668.804079114,4.93017474,1
10-1-010592,166357.15515170994,5309384.024127308,3.07123792,1
10-1-010593,186721.98592940412,5324989.958359791,37.37970489,2
10-1-010595,140705.2914295589,5184564.093085667,3.63805779,1
10-1-010596,173266.95056010655,5151681.550491237,12.13460505,2
10-1-010598,208631.93798821795,5162862.654427414,8.73412237,2
10-1-010603,180094.16842795463,5135537.582664972,13.21774645,2
10-1-010604,194883.73279338086,5074177.520462183,4.99988017,1
10-1-010605,179311.26004145195,5078775.799565444,5.89442336,1
10-1-010606,131204.2088382364,5156680.822420064,9.78671153,2
10-1-010609,202298.4470525873,5054292.139148541,8.54152205,2
10-1-010610,182281.11069233884,5050028.003643339,5.91419166,1
10-1-010612,197187.69828015563,5045839.1244183825,4.89308274,1
10-1-010613,189278.93162957652,5039864.04995619,16.15074959,2
10-1-010615,147672.63111057068,5044021.962847935,4.44808009,1
10-1-010616,156544.78050998558,5085022.492838169,65.65643042,2
10-1-010617,145418.3487330963,5024343.502668463,55.33188006,2
10-1-010618,156597.4206685039,4975494.968202832,6.94482962,1
10-1-010619,161530.90160106472,4939772.050919323,5.10237832,1
10-1-010620,168029.43304621216,4954440.049325874,33.66580931,2
10-1-010622,204368.49619526314,4932007.076758558,15.34991051,2
10-1-010626,161115.72750478477,4912890.473711907,6.3754505,3
10-1-010630,179789.49639814108,4908083.888895008,4.64022086,1
10-1-010634,183440.2037491815,4895181.437354555,10.18790871,2
10-1-010636,186094.5579342271,4881384.35365942,5.85793257,1
10-1-010637,184420.2627975304,4863230.509885944,24.91104469,2
10-1-010638,201244.32195260137,4856808.817266928,8.7634585,2
10-1-010640,171551.08994469154,4852439.3387355665,9.73008756,2
10-1-010644,188318.8701525974,4821271.514834117,6.59730762,
10-1-010648,196799.70479468568,4779056.041846134,3.56747112,1
10-1-010649,159209.73627066487,4787383.173052911,5.3083756,1
10-1-010651,192518.89097474283,4785841.628147673,3.24850618,1
10-1-010652,189834.0271424797,4783707.5887325695,3.99767149,1
10-1-010653,145065.09278175037,4798505.542013691,5.67173356,
10-1-010654,168892.8279974704,4812812.228599094,35.14473167,2
10-1-010655,139955.43057228252,4816342.383472609,30.20439411,2
10-1-010656,132387.59160353272,4793389.472864251,4.41777054,1
10-1-010658,166474.36442696673,4735403.639126507,3.38444052,1
10-1-010661,148433.65294677846,4746411.624990039,7.75970501,2
10-1-010665,204992.0882651789,4777199.5489724185,10.77829324,2
10-1-010672,128150.2442733238,4713441.107069626,38.81024607,2
10-1-010674,172897.70573872892,4627232.122191218,4.42606637,1
10-1-010675,180423.39155301385,4619678.500293096,9.34598757,2
10-1-010676,197747.57165911328,4617184.064206972,5.14042389,
10-1-010683,192745.5358465005,4700878.051164338,67.23817762,2
10-1-010686,204876.1242223739,4594481.524804345,3.06517029,1
10-1-010693,203065.41463814856,4561462.935422765,10.52392812,2
10-1-010694,133778.0598032683,4520965.41023262,4.20677162,1
10-1-010697,185968.36857051754,4509705.737931405,7.40669377,2
10-1-010699,187696.75364372155,4484061.449625239,4.97390349,1
10-1-010906,55707.64762705104,4459967.291683906,3.54025802,1
10-1-010907,73099.75498854477,4461149.596895488,10.83409256,2
10-1-010908,88934.49204523923,4467587.743842696,5.02970898,1
10-1-010909,76167.61910729481,4467616.528989072,4.58790042,1
10-1-010911,118686.83273460483,4497863.26791832,3.07661503,1
10-1-010912,128065.0663194592,4531005.86784763,5.6713452,1
10-1-010918,67415.49040257055,4491430.186303368,46.24979657,2
10-1-010919,89773.09111044662,4570363.858647721,4.81663382,1
10-1-010926,103529.8272352083,4622533.264295436,3.01693543,1
10-1-010935,100245.88822868797,4706870.396121642,3.25117786,1
10-1-010937,58870.51956191358,4677949.160876004,9.82165876,2
10-1-010938,46986.50902336196,4680147.193823461,5.99669697,
10-1-010940,48456.28950324481,4646784.123322194,13.23639756,2
10-1-010941,132847.95858707256,4651954.59767262,19.28347937,2
10-1-010943,109376.40371338525,4715378.794623291,8.91222643,2
10-1-010947,84220.38267468204,4743901.57622934,3.64881605,1
10-1-010951,80344.89791529762,4760505.731802489,14.59080114,2
10-1-010956,91665.89742577457,4784757.530873356,8.89010491,
10-1-010957,84015.03507714541,4836772.614588895,3.13671983,1
10-1-010961,56462.78986076689,4853503.703381589,9.53873067,2
10-1-010962,107565.94970735649,4872171.793958064,3.05983545,1
10-1-010963,100385.77674969447,4870609.557413581,3.22131641,1
10-1-010968,121476.26414554336,4889905.343180621,4.06638853,1
10-1-010969,68977.99337191333,4922910.801580366,3.66035777,1
10-1-010971,83828.4986157371,4890072.921157246,12.89834612,2
10-1-010972,99406.66207226538,4923638.225611842,6.96764783,
10-1-010973,105095.08810192753,4925930.789892778,7.61801044,1
10-1-010975,109166.37355817543,4942056.431007914,3.28868365,1
10-1-010976,96749.43541826309,4931135.6499424055,6.02196276,1
10-1-010981,87770.52889607266,5011523.237418171,3.20920517,1
10-1-010983,79950.90432861737,5007045.10377586,6.8315913,
10-1-010984,99671.51262448686,5001347.121836274,11.2800761,2
10-1-010985,99663.80355153674,4959459.45692839,90.19018775,2
10-1-010987,73239.0928191467,5028458.414173004,3.16755674,1
10-1-010988,83287.53612664272,5039628.491854098,9.27377182,2
10-1-010990,111673.89552061242,5076627.778624182,3.40781167,1
10-1-010991,129218.84634894473,5067249.435683629,5.60338525,1
10-1-010992,117178.69626203498,5038862.826520057,18.74082978,2
10-1-010994,87955.30564943863,5106792.816695885,3.19908548,1
10-1-010998,106390.9265776925,5113395.300660582,3.13119437,1
10-1-010999,89705.09077343906,5122795.755382679,10.86373792,2
10-1-011000,54863.88774339396,5056290.445914816,5.91477486,1
10-1-011001,51723.94369772613,5046105.238695728,10.09241091,2
10-1-011003,117580.4811903427,5108393.141030053,16.93289167,2
10-1-011005,118493.9194430861,5100910.262489199,4.98230052,
10-1-011006,125757.4615698666,5092099.690187189,19.52318225,2
10-1-011008,89777.16335070554,5162983.36830091,12.75314429,2
10-1-011010,80426.06538968268,5190500.31634278,20.26886523,2
10-1-011014,110477.44347498927,5174036.488135947,5.98179817,
10-1-011024,129375.52633375845,5325777.367400098,3.2599545,1
10-1-011025,103526.27314536554,5322016.198168588,14.62110378,2
10-1-011026,96589.37068194327,5327434.493277201,4.41070961,1
10-1-011027,97936.63401582242,5311061.435041982,12.96604999,2
10-1-011029,70723.0923819577,5318958.9897995135,14.25444796,2
10-1-011030,70281.07291380092,5329669.841708246,3.02533095,1
10-1-011031,20214.584464245683,5332201.51326159,3.85105482,1
10-1-011032,20107.14826925344,5277436.580037783,8.48085815,2
10-1-011035,1701.9282252322762,5313280.434055181,42.68428155,2
10-1-011039,26554.98264957891,5199143.870782718,7.70737607,2
10-1-011040,22631.436979331582,5173506.212573276,8.93475154,2
10-1-011041,34969.84077597746,5212300.068441359,7.44971879,
10-1-011042,15194.464716082992,5241805.242372958,5.98081925,
10-1-011044,29243.551654436018,5163570.671230478,3.7755973,1
10-1-011046,41960.401976607376,5149740.646872418,5.03578373,
10-1-011048,44407.74926179412,5127608.395956616,4.51030178,1
10-1-011049,34564.62539792856,5126171.166904498,16.80996002,2
10-1-011051,23915.83240366117,5150316.339131085,7.23223844,1
10-1-011052,13678.940480721583,5154338.3048116015,7.86614358,
10-1-011053,24355.261890265,5098853.496359451,5.30415481,
10-1-011054,22358.158570117776,5077342.684539908,4.68613341,1
10-1-011057,14400.002559204462,5069821.771553609,3.51672823,1
10-1-011061,41203.19964748828,5055280.4669102235,13.46744593,2
10-1-011062,30750.08127985618,5055691.483119098,3.22989945,1
10-1-011066,711.5001821502738,5126173.170869903,4.63528985,3
10-1-011067,13880.819694832962,5029215.604292219,3.11689024,1
10-1-011072,2020.3996995200753,5005109.859981249,8.72471444,2
10-1-011076,9212.299618534411,4981977.136005003,16.64228182,2
10-1-011084,21159.008313399263,4900836.331963434,3.27622436,1
10-1-011086,40938.45181257077,4970662.247077591,24.24422632,2
10-1-011087,26347.483560168926,4960600.240759161,36.46127521,2
10-1-011091,15291.73195725435,4857546.585339885,14.66913798,2
10-1-011092,26736.584472128936,4850604.1171752075,14.2730961,2
10-1-011094,45781.13604212464,4823210.301871907,4.48887065,1
10-1-011097,45678.9861430965,4829453.025147508,19.57719036,2
10-1-011098,51312.91456769007,4894914.128758876,87.82797939,2
10-1-011103,39428.33111196586,4786694.136131597,9.15971501,2
10-1-011107,32939.93922203413,4698656.915417839,11.3664273,2
10-1-011109,42468.113102194875,4735048.7706972305,7.61342788,
10-1-011110,53424.74475909836,4732563.115073547,7.96845697,2
10-1-011113,24808.25343946059,4637465.45125215,6.48859454,
10-1-011117,18666.093842179147,4597400.214769664,3.99012624,1
10-1-011118,5108.0429745994625,4618766.060051871,8.54320949,
10-1-011124,12014.211211540045,4577326.5626547225,36.8684455,2
10-1-011132,20044.725250692652,4471309.582956365,6.10599095,3
10-1-011133,14023.769049246228,4474474.41155807,13.83961799,2
10-1-011135,8780.07047861416,4515646.765133982,7.74695293,
10-1-011136,17354.9644168984,4503200.073175506,30.39695248,2
10-1-011138,11828.038202242484,4270309.62244705,16.29457537,2
10-2-001219,1749447.4312320536,4339858.17594653,3.2128073,1
10-2-001484,1682000.1679313139,5105714.56772877,3.21859012,1
10-2-001489,1623809.2415815166,5103744.6406926215,3.91065378,1
10-2-001492,1640927.3327829123,5057676.692688226,3.14282954,1
10-2-001493,1577491.9803655476,5148760.904570332,3.46906946,1
10-2-001494,1571166.517205085,5160792.169936441,3.35981555,1
10-2-001500,1599901.7600413233,4489116.994396279,5.09054997,1
10-2-001610,1399443.1191311749,5306599.842856792,3.91793243,1
10-2-001614,1389248.071677346,5252592.721508988,3.07015589,1
10-2-001624,1350914.7224361768,4449367.004610034,11.97491714,2
10-2-001735,1266490.1380575749,4094119.086757506,4.96714228,1
10-2-001745,1199174.3286046404,4357042.619681259,3.9671146,1
10-2-001749,1137790.4363429607,4090729.172714087,3.32241683,1
10-2-001750,1151652.0713141484,4062148.6038820306,3.54019432,1
10-2-001753,1161696.4532873195,4070127.7285073553,10.07183224,2
10-2-002053,777544.9405376867,4309998.8478058,4.94715406,
10-2-002673,187911.22743366615,5108716.747361926,6.16560198,2
10-2-002675,184047.51728982464,5108658.154045132,4.54348368,1
10-2-002767,90038.3409146932,4521185.846427177,15.36999721,2
10-2-002769,63520.6512848473,5004358.107418565,7.67395003,2
10-2-002770,79294.53945232813,5329329.992054301,6.48005989,
10-2-002808,1580977.8393648895,4408845.548006936,3.27974713,1
10-2-002820,29125.565627726035,5199325.615212212,6.44716256,2
10-3-000065,1579554.5687230898,5295259.827012664,13.33772223,2
10-3-000066,1500488.2962224144,4465290.431331397,6.01246194,
10-3-000069,1385248.9806010532,4714600.4973724475,6.53846898,
10-3-000070,1333767.3819934893,4580592.722795493,6.57335406,2
10-3-000087,1215468.3668268945,4254215.65417999,20.62948849,2
10-3-000090,1164499.069735593,5210712.809297791,3.29064884,1
10-3-000091,1221710.7611463282,5333380.63856356,3.09693134,1
10-3-000092,1144968.1822560972,5037428.236229839,5.53568984,
10-3-000093,1083557.6540283312,4844956.5449527865,3.24718022,1
10-3-000094,1105008.8287620542,4874735.613715965,44.06353949,2
10-3-000095,1104267.5601213109,4369503.055487651,6.05389329,
10-3-000096,1123235.6735397147,4182987.1025700388,36.55830489,2
10-3-000118,1014757.0952859558,4038151.4417782133,28.47438357,2
10-3-000119,984378.9386644445,5307017.309570104,13.11052894,2
10-3-000120,1022058.0450633209,5328779.995717611,15.27388267,2
10-3-000121,925722.8285830268,5320959.644305206,9.23576132,2
10-3-000123,892214.6860413648,5233442.374672194,13.03707848,2
10-3-000124,903142.998721307,5049262.561762406,25.8182546,2
10-3-000125,899331.3812462339,4899116.160303364,9.59898411,2
10-3-000126,909678.1930721318,4004914.6951866923,30.86780054,2
10-3-000167,792276.3776964616,4251706.102706183,55.09999519,2
10-3-000168,672015.0649059323,5217493.020277752,7.16982936,2
10-3-000169,663640.9759472429,4902815.743606033,4.86965911,1
10-3-000188,582371.7985101017,4127650.907623322,54.16925037,2
10-3-000211,394669.0026232179,4900587.823064506,4.76637648,1
10-3-000212,416629.1693370805,4987486.180932961,76.83549578,2
10-3-000213,335365.88525339175,5173599.519360012,10.01557784,2
10-3-000214,299437.7035893658,5043633.102281427,8.0183592,2
10-3-000215,324421.3559827703,4443777.0743987365,68.41944234,2
10-3-000246,221535.89081348994,5159249.84264897,3.3713273,1
10-3-000248,221027.41888045083,5231908.335301983,9.91656337,2
10-3-000249,82531.45177431956,4398483.05771523,26.99775707,2
10-3-000250,96965.91833022292,4376686.893313369,37.33176989,2
10-3-000251,126989.06112975892,4294699.099453485,30.20362611,2
10-3-000268,57863.62355822403,5232811.747326393,31.23533013,2
10-3-000269,185345.03622779503,4458725.926097044,18.88264586,2
10-3-000270,136947.46617084436,4086596.437712447,99.49153792,2
10-3-000282,399963.4843799891,4587115.685904053,61.54894598,2
10-3-000284,769336.2720773403,4401637.632367955,41.04951181,2
10-4-014077,1653868.5964093318,4615037.902608945,3.16655555,
10-4-014683,1621396.9603717208,5096315.656433444,4.17218382,
10-4-014759,1600846.192010656,5115456.967348143,3.01675689,
10-4-015319,1543526.5561528332,4936726.874047959,9.80013267,
10-4-016371,1449344.4407638996,4098774.688399143,8.29979678,
10-4-016372,1456324.2321174443,4115257.1764222686,6.91462306,
10-4-016373,1489233.5345551476,4078151.360012971,4.85266205,
10-4-016374,1492853.1257941958,4084442.579725545,6.47186043,
10-4-016375,1435356.187304201,4080346.3084777407,5.56532972,
10-4-016376,1439123.188839641,4086502.8487939336,5.83554481,
10-4-016377,1467111.3716284595,4054688.416204116,6.54372085,
10-4-016660,1436416.289152473,4240360.143720643,4.95567085,
10-4-016670,1432216.0505672726,4074507.885370789,5.54425593,
10-4-016671,1410333.526577286,4106244.845523409,5.30991257,
10-4-016672,1408339.679389747,4102631.632477713,3.83153548,
10-4-017215,1390525.077145843,4101125.020346529,5.54123922,
10-4-017234,1389379.952871811,4204046.05782807,3.14397735,
10-4-017253,1393123.0461101367,4229374.030182275,3.99080375,
10-4-017254,1391819.6915490392,4218917.857323273,3.80277861,
10-4-017265,1374466.5324198753,4298559.7171722725,3.02103841,
10-4-017398,1400754.557715981,5316138.334699025,3.28776574,
10-4-017399,1391131.0238884313,5311490.21784743,3.19237525,
10-4-017530,1339026.8049059778,4584251.353129899,4.60305845,
10-4-017574,1336846.0217086487,4182159.400844658,5.87005874,
10-4-017613,1333019.5567525355,4154320.948234099,4.67237336,
10-4-017615,1332276.0085344634,4142562.6892215624,3.61995594,
10-4-017661,1356124.7290198528,4107077.1662675417,5.08157622,
10-4-017662,1342958.6342259466,4108248.905762676,5.53852038,
10-4-017663,1340347.942659636,4081809.186034732,3.15717432,
10-4-017664,1348930.7688276211,4094966.6615843554,4.44472797,
10-4-017666,1356724.778259992,4099742.49403773,6.24387663,
10-4-018345,1294214.3373752106,4179970.447680118,7.01785242,
10-4-018388,1315734.1566665855,4319549.035077012,4.76589599,
10-4-018637,1290734.450560258,5298792.291691912,3.97260454,
10-4-018652,1266974.1262276575,5291641.146774747,3.82868871,
10-4-018731,1274247.437167163,4589603.549979407,3.11458529,
10-4-018813,1256308.6773825034,4162452.7328220652,3.03167833,
10-4-019474,1220651.6129745832,4003030.655938472,6.88051444,
10-4-019477,1234661.387280153,4070507.9111509128,3.10936719,
10-4-019685,1184764.2294619717,4403577.11051005,3.20164412,
10-4-019749,1178012.121414787,4040089.441099344,3.7740266,
10-4-020265,1142259.2051070114,4150731.848564497,3.14237386,
10-4-020443,1094612.9882421778,5330947.898058334,5.02036555,
10-4-020587,1109145.3944730747,4573789.668625142,3.58470151,
10-4-020599,1110634.825608932,4434741.010053338,6.00897022,
10-4-020600,1114266.541401759,4429587.78545304,4.8858546,
10-4-020601,1117386.9241726955,4431222.386427072,5.0724641,
10-4-024186,880333.1668567873,4042646.8595480546,3.25411338,
10-4-031954,289751.0026503328,4886463.665068973,4.35323595,
10-4-032992,250444.32154406077,4580382.162398505,3.81205188,
10-4-033023,265432.0175126954,4885618.1339193545,3.53466,
10-4-034170,196706.50647457587,4853598.592714209,8.64278381,
10-4-034181,178880.523769815,5114530.476825961,5.61504679,
10-4-034218,137249.5492267185,5146370.148948119,3.4475754,
10-4-035321,112952.54529577206,4869574.364956056,4.52180583,
10-4-035336,98993.03027660077,5123149.644056021,4.53149827,
10-4-036459,20797.19363385089,5333145.4965465665,9.02925393,
10-4-036546,1584883.055241897,4343896.879272439,4.31892293,
10-4-036548,1282009.651059697,4153581.482036064,3.06479839,
10-4-036549,1295483.8604245197,4176034.942349074,4.86885305,
10-4-036550,1285772.4306946397,4182703.2080637026,5.11439683,
10-4-036551,1281621.4418856702,4162246.908208451,3.65023005,
10-4-036552,1282716.5334085226,4159581.5281239524,3.5909645,
10-4-036553,1272246.3067122782,4169411.056081267,5.24281101,
10-4-036555,1284330.3692467958,4150290.3870178536,3.45330936,
10-4-036560,1070316.6953307227,4489411.504999737,5.24990373,
10-4-036599,1471859.3862444032,4271229.948745568,3.56339887,
10-4-036746,25393.401202331064,4826442.8474341445,4.18549946,
10-4-036749,41769.403506336086,5235596.07025551,8.53889048,
10-4-036750,3400.191345324442,5296931.352871878,3.33111683,
10-4-036907,136041.8224011117,4587344.5819028765,3.62674647,
10-4-036910,170661.03223668257,4669221.063515782,8.62360026,
10-4-037789,829762.8295826707,5301876.110540379,4.66562923,
10-4-037878,993670.5385310359,4513722.659024649,10.09637345,
10-4-037988,1080115.9616915514,4631734.206213324,5.43757029,
10-4-038244,1271541.5948814393,4158839.1712606456,3.91889071,
10-4-038246,1245075.776778838,4175422.2042916054,3.53050676,
10-4-038248,1243863.6959960964,4168491.7053896864,3.71150955,
10-4-038249,1244142.8802057526,4164621.9225371927,4.26737981,
10-4-038257,1284442.8426201358,5280857.283192981,4.0085909,
10-4-038258,1311292.4553642776,5315619.720780645,4.02314735,
10-4-038323,1373556.8405926074,4077221.7701902543,3.73412144,
10-4-038324,1376463.0337798733,4152301.6647332334,4.71205404,
10-4-038327,1353865.385162764,4533905.6840269705,5.19903505,
10-4-038331,1413093.9844773987,5297004.074707856,3.42935213,
10-4-038333,1406449.5523779439,4147658.012202086,3.37279803,
10-4-038352,1483079.1096345566,4051674.382887394,4.4771167,
10-4-038355,1502008.1626199055,4102211.841140821,3.34558951,
10-4-038360,1512163.8123865193,5148061.818186301,3.32543937,
10-4-038412,1600343.0022838558,4056936.564882687,3.83362678,
10-4-038413,1605946.1316390764,4051662.530389255,3.57359499,
10-4-038420,1648129.7314417136,5033840.137653869,3.03965014,
10-4-038421,1661603.2580002225,4997451.54941302,3.00781174,
10-4-038422,1661100.1660712017,4183630.7210172154,3.70118299,
10-4-038483,1747370.7161334693,4404128.2940525105,3.38132701,
